example_id,question,gold_answer,final_answer,step,prefix,content_length,content,induced_answer,gold_answer_likelihood,final_answer_likelihood,gold_vs_final_margin,induced_answer_likelihood,gold_vs_induced_margin
mary_father,"Mary's father has five daughters: Nana, Nene, Nini, Nono. What is the fifth daughter's name?",Mary,,1,"<think>
Okay, let's see.",0,,,-21.797788619995117,,,,
mary_father,"Mary's father has five daughters: Nana, Nene, Nini, Nono. What is the fifth daughter's name?",Mary,,2,"<think>
Okay, let's see.
Mary's father has five daughters.",0,,,-22.71536636352539,,,,
mary_father,"Mary's father has five daughters: Nana, Nene, Nini, Nono. What is the fifth daughter's name?",Mary,,3,"<think>
Okay, let's see.
Mary's father has five daughters.
The names given are Nana, Nene, Nini, Nono.",9,The fifth daughter's name is Nono.,The fifth daughter's name is Nono,-21.589162826538086,,,-14.267671585083008,-7.321491241455078
mary_father,"Mary's father has five daughters: Nana, Nene, Nini, Nono. What is the fifth daughter's name?",Mary,,4,"<think>
Okay, let's see.
Mary's father has five daughters.
The names given are Nana, Nene, Nini, Nono.
Wait, that's four names.",9,The fifth daughter's name is Nono.,The fifth daughter's name is Nono,-19.89849090576172,,,-14.333893775939941,-5.564597129821777
mary_father,"Mary's father has five daughters: Nana, Nene, Nini, Nono. What is the fifth daughter's name?",Mary,,5,"<think>
Okay, let's see.
Mary's father has five daughters.
The names given are Nana, Nene, Nini, Nono.
Wait, that's four names.
So where is the fifth one?",9,The fifth daughter's name is Nono.,The fifth daughter's name is Nono,-20.8279972076416,,,-14.233847618103027,-6.594149589538574
mary_father,"Mary's father has five daughters: Nana, Nene, Nini, Nono. What is the fifth daughter's name?",Mary,,6,"<think>
Okay, let's see.
Mary's father has five daughters.
The names given are Nana, Nene, Nini, Nono.
Wait, that's four names.
So where is the fifth one?
Hmm, maybe there's a trick here.",0,,,-20.926162719726562,,,,
mary_father,"Mary's father has five daughters: Nana, Nene, Nini, Nono. What is the fifth daughter's name?",Mary,,7,"<think>
Okay, let's see.
Mary's father has five daughters.
The names given are Nana, Nene, Nini, Nono.
Wait, that's four names.
So where is the fifth one?
Hmm, maybe there's a trick here.
The question says Mary's father has five daughters.",9,The fifth daughter's name is Nono.,The fifth daughter's name is Nono,-20.307497024536133,,,-13.74039363861084,-6.567103385925293
mary_father,"Mary's father has five daughters: Nana, Nene, Nini, Nono. What is the fifth daughter's name?",Mary,,8,"<think>
Okay, let's see.
Mary's father has five daughters.
The names given are Nana, Nene, Nini, Nono.
Wait, that's four names.
So where is the fifth one?
Hmm, maybe there's a trick here.
The question says Mary's father has five daughters.
The names listed are four.",9,The fifth daughter's name is Nono.,The fifth daughter's name is Nono,-18.845205307006836,,,-13.318155288696289,-5.527050018310547
mary_father,"Mary's father has five daughters: Nana, Nene, Nini, Nono. What is the fifth daughter's name?",Mary,,9,"<think>
Okay, let's see.
Mary's father has five daughters.
The names given are Nana, Nene, Nini, Nono.
Wait, that's four names.
So where is the fifth one?
Hmm, maybe there's a trick here.
The question says Mary's father has five daughters.
The names listed are four.
So maybe the fifth daughter is named something else.",9,The fifth daughter's name is Nono.,The fifth daughter's name is Nono,-20.198057174682617,,,-13.689032554626465,-6.509024620056152
mary_father,"Mary's father has five daughters: Nana, Nene, Nini, Nono. What is the fifth daughter's name?",Mary,,10,"<think>
Okay, let's see.
Mary's father has five daughters.
The names given are Nana, Nene, Nini, Nono.
Wait, that's four names.
So where is the fifth one?
Hmm, maybe there's a trick here.
The question says Mary's father has five daughters.
The names listed are four.
So maybe the fifth daughter is named something else.
But the problem only lists four.",9,The fifth daughter's name is Nono.,The fifth daughter's name is Nono,-20.076730728149414,,,-13.274617195129395,-6.8021135330200195
mary_father,"Mary's father has five daughters: Nana, Nene, Nini, Nono. What is the fifth daughter's name?",Mary,,11,"<think>
Okay, let's see.
Mary's father has five daughters.
The names given are Nana, Nene, Nini, Nono.
Wait, that's four names.
So where is the fifth one?
Hmm, maybe there's a trick here.
The question says Mary's father has five daughters.
The names listed are four.
So maybe the fifth daughter is named something else.
But the problem only lists four.
Wait, maybe there's a typo or something.",9,The fifth daughter's name is Nono.,The fifth daughter's name is Nono,-19.1683406829834,,,-13.614476203918457,-5.553864479064941
mary_father,"Mary's father has five daughters: Nana, Nene, Nini, Nono. What is the fifth daughter's name?",Mary,,12,"<think>
Okay, let's see.
Mary's father has five daughters.
The names given are Nana, Nene, Nini, Nono.
Wait, that's four names.
So where is the fifth one?
Hmm, maybe there's a trick here.
The question says Mary's father has five daughters.
The names listed are four.
So maybe the fifth daughter is named something else.
But the problem only lists four.
Wait, maybe there's a typo or something.
Let me check again.",9,The fifth daughter's name is Nono.,The fifth daughter's name is Nono,-17.465179443359375,,,-13.192835807800293,-4.272343635559082
mary_father,"Mary's father has five daughters: Nana, Nene, Nini, Nono. What is the fifth daughter's name?",Mary,,13,"<think>
Okay, let's see.
Mary's father has five daughters.
The names given are Nana, Nene, Nini, Nono.
Wait, that's four names.
So where is the fifth one?
Hmm, maybe there's a trick here.
The question says Mary's father has five daughters.
The names listed are four.
So maybe the fifth daughter is named something else.
But the problem only lists four.
Wait, maybe there's a typo or something.
Let me check again.
Wait, the problem says Mary's father has five daughters: Nana, Nene, Nini, Nono.",9,The fifth daughter's name is Nono.,The fifth daughter's name is Nono,-18.94307518005371,,,-11.556610107421875,-7.386465072631836
mary_father,"Mary's father has five daughters: Nana, Nene, Nini, Nono. What is the fifth daughter's name?",Mary,,14,"<think>
Okay, let's see.
Mary's father has five daughters.
The names given are Nana, Nene, Nini, Nono.
Wait, that's four names.
So where is the fifth one?
Hmm, maybe there's a trick here.
The question says Mary's father has five daughters.
The names listed are four.
So maybe the fifth daughter is named something else.
But the problem only lists four.
Wait, maybe there's a typo or something.
Let me check again.
Wait, the problem says Mary's father has five daughters: Nana, Nene, Nini, Nono.
So that's four.",9,The fifth daughter's name is Nono.,The fifth daughter's name is Nono,-18.14676856994629,,,-11.879077911376953,-6.267690658569336
mary_father,"Mary's father has five daughters: Nana, Nene, Nini, Nono. What is the fifth daughter's name?",Mary,,15,"<think>
Okay, let's see.
Mary's father has five daughters.
The names given are Nana, Nene, Nini, Nono.
Wait, that's four names.
So where is the fifth one?
Hmm, maybe there's a trick here.
The question says Mary's father has five daughters.
The names listed are four.
So maybe the fifth daughter is named something else.
But the problem only lists four.
Wait, maybe there's a typo or something.
Let me check again.
Wait, the problem says Mary's father has five daughters: Nana, Nene, Nini, Nono.
So that's four.
So the fifth must be...",9,The fifth daughter's name is Nana.,The fifth daughter's name is Nana,-18.194082260131836,,,-12.434340476989746,-5.75974178314209
mary_father,"Mary's father has five daughters: Nana, Nene, Nini, Nono. What is the fifth daughter's name?",Mary,,16,"<think>
Okay, let's see.
Mary's father has five daughters.
The names given are Nana, Nene, Nini, Nono.
Wait, that's four names.
So where is the fifth one?
Hmm, maybe there's a trick here.
The question says Mary's father has five daughters.
The names listed are four.
So maybe the fifth daughter is named something else.
But the problem only lists four.
Wait, maybe there's a typo or something.
Let me check again.
Wait, the problem says Mary's father has five daughters: Nana, Nene, Nini, Nono.
So that's four.
So the fifth must be...
maybe Mary herself?",9,The fifth daughter's name is Nana.,The fifth daughter's name is Nana,-15.85234546661377,,,-11.205038070678711,-4.647307395935059
mary_father,"Mary's father has five daughters: Nana, Nene, Nini, Nono. What is the fifth daughter's name?",Mary,,17,"<think>
Okay, let's see.
Mary's father has five daughters.
The names given are Nana, Nene, Nini, Nono.
Wait, that's four names.
So where is the fifth one?
Hmm, maybe there's a trick here.
The question says Mary's father has five daughters.
The names listed are four.
So maybe the fifth daughter is named something else.
But the problem only lists four.
Wait, maybe there's a typo or something.
Let me check again.
Wait, the problem says Mary's father has five daughters: Nana, Nene, Nini, Nono.
So that's four.
So the fifth must be...
maybe Mary herself?
But the question is about the fifth daughter.",9,The fifth daughter's name is Nana.,The fifth daughter's name is Nana,-17.762605667114258,,,-11.91696834564209,-5.845637321472168
mary_father,"Mary's father has five daughters: Nana, Nene, Nini, Nono. What is the fifth daughter's name?",Mary,,18,"<think>
Okay, let's see.
Mary's father has five daughters.
The names given are Nana, Nene, Nini, Nono.
Wait, that's four names.
So where is the fifth one?
Hmm, maybe there's a trick here.
The question says Mary's father has five daughters.
The names listed are four.
So maybe the fifth daughter is named something else.
But the problem only lists four.
Wait, maybe there's a typo or something.
Let me check again.
Wait, the problem says Mary's father has five daughters: Nana, Nene, Nini, Nono.
So that's four.
So the fifth must be...
maybe Mary herself?
But the question is about the fifth daughter.
Wait, maybe the fifth daughter is named something else.",9,The fifth daughter's name is Nana.,The fifth daughter's name is Nana,-18.99081039428711,,,-12.573071479797363,-6.417738914489746
mary_father,"Mary's father has five daughters: Nana, Nene, Nini, Nono. What is the fifth daughter's name?",Mary,,19,"<think>
Okay, let's see.
Mary's father has five daughters.
The names given are Nana, Nene, Nini, Nono.
Wait, that's four names.
So where is the fifth one?
Hmm, maybe there's a trick here.
The question says Mary's father has five daughters.
The names listed are four.
So maybe the fifth daughter is named something else.
But the problem only lists four.
Wait, maybe there's a typo or something.
Let me check again.
Wait, the problem says Mary's father has five daughters: Nana, Nene, Nini, Nono.
So that's four.
So the fifth must be...
maybe Mary herself?
But the question is about the fifth daughter.
Wait, maybe the fifth daughter is named something else.
But the problem lists four.",9,The fifth daughter's name is Nana.,The fifth daughter's name is Nana,-18.29537010192871,,,-11.956657409667969,-6.338712692260742
mary_father,"Mary's father has five daughters: Nana, Nene, Nini, Nono. What is the fifth daughter's name?",Mary,,20,"<think>
Okay, let's see.
Mary's father has five daughters.
The names given are Nana, Nene, Nini, Nono.
Wait, that's four names.
So where is the fifth one?
Hmm, maybe there's a trick here.
The question says Mary's father has five daughters.
The names listed are four.
So maybe the fifth daughter is named something else.
But the problem only lists four.
Wait, maybe there's a typo or something.
Let me check again.
Wait, the problem says Mary's father has five daughters: Nana, Nene, Nini, Nono.
So that's four.
So the fifth must be...
maybe Mary herself?
But the question is about the fifth daughter.
Wait, maybe the fifth daughter is named something else.
But the problem lists four.
Wait, maybe the fifth daughter is named...",9,The fifth daughter's name is Nana.,The fifth daughter's name is Nana,-16.819612503051758,,,-12.206427574157715,-4.613184928894043
mary_father,"Mary's father has five daughters: Nana, Nene, Nini, Nono. What is the fifth daughter's name?",Mary,,21,"<think>
Okay, let's see.
Mary's father has five daughters.
The names given are Nana, Nene, Nini, Nono.
Wait, that's four names.
So where is the fifth one?
Hmm, maybe there's a trick here.
The question says Mary's father has five daughters.
The names listed are four.
So maybe the fifth daughter is named something else.
But the problem only lists four.
Wait, maybe there's a typo or something.
Let me check again.
Wait, the problem says Mary's father has five daughters: Nana, Nene, Nini, Nono.
So that's four.
So the fifth must be...
maybe Mary herself?
But the question is about the fifth daughter.
Wait, maybe the fifth daughter is named something else.
But the problem lists four.
Wait, maybe the fifth daughter is named...
perhaps the fifth daughter is Nana?",9,The fifth daughter's name is Nana.,The fifth daughter's name is Nana,-16.108800888061523,,,-12.136202812194824,-3.972598075866699
mary_father,"Mary's father has five daughters: Nana, Nene, Nini, Nono. What is the fifth daughter's name?",Mary,,22,"<think>
Okay, let's see.
Mary's father has five daughters.
The names given are Nana, Nene, Nini, Nono.
Wait, that's four names.
So where is the fifth one?
Hmm, maybe there's a trick here.
The question says Mary's father has five daughters.
The names listed are four.
So maybe the fifth daughter is named something else.
But the problem only lists four.
Wait, maybe there's a typo or something.
Let me check again.
Wait, the problem says Mary's father has five daughters: Nana, Nene, Nini, Nono.
So that's four.
So the fifth must be...
maybe Mary herself?
But the question is about the fifth daughter.
Wait, maybe the fifth daughter is named something else.
But the problem lists four.
Wait, maybe the fifth daughter is named...
perhaps the fifth daughter is Nana?
But that would make it five.",9,The fifth daughter's name is Nana.,The fifth daughter's name is Nana,-16.807260513305664,,,-12.60327434539795,-4.203986167907715
mary_father,"Mary's father has five daughters: Nana, Nene, Nini, Nono. What is the fifth daughter's name?",Mary,,23,"<think>
Okay, let's see.
Mary's father has five daughters.
The names given are Nana, Nene, Nini, Nono.
Wait, that's four names.
So where is the fifth one?
Hmm, maybe there's a trick here.
The question says Mary's father has five daughters.
The names listed are four.
So maybe the fifth daughter is named something else.
But the problem only lists four.
Wait, maybe there's a typo or something.
Let me check again.
Wait, the problem says Mary's father has five daughters: Nana, Nene, Nini, Nono.
So that's four.
So the fifth must be...
maybe Mary herself?
But the question is about the fifth daughter.
Wait, maybe the fifth daughter is named something else.
But the problem lists four.
Wait, maybe the fifth daughter is named...
perhaps the fifth daughter is Nana?
But that would make it five.
Wait, no.",9,The fifth daughter's name is Nana.,The fifth daughter's name is Nana,-16.16329574584961,,,-12.371687889099121,-3.7916078567504883
mary_father,"Mary's father has five daughters: Nana, Nene, Nini, Nono. What is the fifth daughter's name?",Mary,,24,"<think>
Okay, let's see.
Mary's father has five daughters.
The names given are Nana, Nene, Nini, Nono.
Wait, that's four names.
So where is the fifth one?
Hmm, maybe there's a trick here.
The question says Mary's father has five daughters.
The names listed are four.
So maybe the fifth daughter is named something else.
But the problem only lists four.
Wait, maybe there's a typo or something.
Let me check again.
Wait, the problem says Mary's father has five daughters: Nana, Nene, Nini, Nono.
So that's four.
So the fifth must be...
maybe Mary herself?
But the question is about the fifth daughter.
Wait, maybe the fifth daughter is named something else.
But the problem lists four.
Wait, maybe the fifth daughter is named...
perhaps the fifth daughter is Nana?
But that would make it five.
Wait, no.
Let me think again.",9,The fifth daughter's name is Nana.,The fifth daughter's name is Nana,-18.1278076171875,,,-13.282845497131348,-4.844962120056152
mary_father,"Mary's father has five daughters: Nana, Nene, Nini, Nono. What is the fifth daughter's name?",Mary,,25,"<think>
Okay, let's see.
Mary's father has five daughters.
The names given are Nana, Nene, Nini, Nono.
Wait, that's four names.
So where is the fifth one?
Hmm, maybe there's a trick here.
The question says Mary's father has five daughters.
The names listed are four.
So maybe the fifth daughter is named something else.
But the problem only lists four.
Wait, maybe there's a typo or something.
Let me check again.
Wait, the problem says Mary's father has five daughters: Nana, Nene, Nini, Nono.
So that's four.
So the fifth must be...
maybe Mary herself?
But the question is about the fifth daughter.
Wait, maybe the fifth daughter is named something else.
But the problem lists four.
Wait, maybe the fifth daughter is named...
perhaps the fifth daughter is Nana?
But that would make it five.
Wait, no.
Let me think again.
Wait, maybe the names are Nana, Nene, Nini, Nono, and then the fifth is...",9,The fifth daughter's name is Nana.,The fifth daughter's name is Nana,-16.489765167236328,,,-12.50167465209961,-3.9880905151367188
mary_father,"Mary's father has five daughters: Nana, Nene, Nini, Nono. What is the fifth daughter's name?",Mary,,26,"<think>
Okay, let's see.
Mary's father has five daughters.
The names given are Nana, Nene, Nini, Nono.
Wait, that's four names.
So where is the fifth one?
Hmm, maybe there's a trick here.
The question says Mary's father has five daughters.
The names listed are four.
So maybe the fifth daughter is named something else.
But the problem only lists four.
Wait, maybe there's a typo or something.
Let me check again.
Wait, the problem says Mary's father has five daughters: Nana, Nene, Nini, Nono.
So that's four.
So the fifth must be...
maybe Mary herself?
But the question is about the fifth daughter.
Wait, maybe the fifth daughter is named something else.
But the problem lists four.
Wait, maybe the fifth daughter is named...
perhaps the fifth daughter is Nana?
But that would make it five.
Wait, no.
Let me think again.
Wait, maybe the names are Nana, Nene, Nini, Nono, and then the fifth is...
maybe Mary?",9,The fifth daughter's name is Nana.,The fifth daughter's name is Nana,-15.563202857971191,,,-11.759125709533691,-3.8040771484375
mary_father,"Mary's father has five daughters: Nana, Nene, Nini, Nono. What is the fifth daughter's name?",Mary,,27,"<think>
Okay, let's see.
Mary's father has five daughters.
The names given are Nana, Nene, Nini, Nono.
Wait, that's four names.
So where is the fifth one?
Hmm, maybe there's a trick here.
The question says Mary's father has five daughters.
The names listed are four.
So maybe the fifth daughter is named something else.
But the problem only lists four.
Wait, maybe there's a typo or something.
Let me check again.
Wait, the problem says Mary's father has five daughters: Nana, Nene, Nini, Nono.
So that's four.
So the fifth must be...
maybe Mary herself?
But the question is about the fifth daughter.
Wait, maybe the fifth daughter is named something else.
But the problem lists four.
Wait, maybe the fifth daughter is named...
perhaps the fifth daughter is Nana?
But that would make it five.
Wait, no.
Let me think again.
Wait, maybe the names are Nana, Nene, Nini, Nono, and then the fifth is...
maybe Mary?
But the question says the father has five daughters.",9,The fifth daughter's name is Nana.,The fifth daughter's name is Nana,-16.186386108398438,,,-12.006251335144043,-4.1801347732543945
mary_father,"Mary's father has five daughters: Nana, Nene, Nini, Nono. What is the fifth daughter's name?",Mary,,28,"<think>
Okay, let's see.
Mary's father has five daughters.
The names given are Nana, Nene, Nini, Nono.
Wait, that's four names.
So where is the fifth one?
Hmm, maybe there's a trick here.
The question says Mary's father has five daughters.
The names listed are four.
So maybe the fifth daughter is named something else.
But the problem only lists four.
Wait, maybe there's a typo or something.
Let me check again.
Wait, the problem says Mary's father has five daughters: Nana, Nene, Nini, Nono.
So that's four.
So the fifth must be...
maybe Mary herself?
But the question is about the fifth daughter.
Wait, maybe the fifth daughter is named something else.
But the problem lists four.
Wait, maybe the fifth daughter is named...
perhaps the fifth daughter is Nana?
But that would make it five.
Wait, no.
Let me think again.
Wait, maybe the names are Nana, Nene, Nini, Nono, and then the fifth is...
maybe Mary?
But the question says the father has five daughters.
So if the list includes four, then the fifth must be Mary.",8,The fifth daughter's name is Mary.,The fifth daughter's name is Mary,-13.37844467163086,,,-11.178659439086914,-2.1997852325439453
mary_father,"Mary's father has five daughters: Nana, Nene, Nini, Nono. What is the fifth daughter's name?",Mary,,29,"<think>
Okay, let's see.
Mary's father has five daughters.
The names given are Nana, Nene, Nini, Nono.
Wait, that's four names.
So where is the fifth one?
Hmm, maybe there's a trick here.
The question says Mary's father has five daughters.
The names listed are four.
So maybe the fifth daughter is named something else.
But the problem only lists four.
Wait, maybe there's a typo or something.
Let me check again.
Wait, the problem says Mary's father has five daughters: Nana, Nene, Nini, Nono.
So that's four.
So the fifth must be...
maybe Mary herself?
But the question is about the fifth daughter.
Wait, maybe the fifth daughter is named something else.
But the problem lists four.
Wait, maybe the fifth daughter is named...
perhaps the fifth daughter is Nana?
But that would make it five.
Wait, no.
Let me think again.
Wait, maybe the names are Nana, Nene, Nini, Nono, and then the fifth is...
maybe Mary?
But the question says the father has five daughters.
So if the list includes four, then the fifth must be Mary.
But the problem says the list is five daughters.",10,The fifth daughter's name is **Mary**.,Mary,-16.003746032714844,,,-16.003746032714844,0.0
mary_father,"Mary's father has five daughters: Nana, Nene, Nini, Nono. What is the fifth daughter's name?",Mary,,30,"<think>
Okay, let's see.
Mary's father has five daughters.
The names given are Nana, Nene, Nini, Nono.
Wait, that's four names.
So where is the fifth one?
Hmm, maybe there's a trick here.
The question says Mary's father has five daughters.
The names listed are four.
So maybe the fifth daughter is named something else.
But the problem only lists four.
Wait, maybe there's a typo or something.
Let me check again.
Wait, the problem says Mary's father has five daughters: Nana, Nene, Nini, Nono.
So that's four.
So the fifth must be...
maybe Mary herself?
But the question is about the fifth daughter.
Wait, maybe the fifth daughter is named something else.
But the problem lists four.
Wait, maybe the fifth daughter is named...
perhaps the fifth daughter is Nana?
But that would make it five.
Wait, no.
Let me think again.
Wait, maybe the names are Nana, Nene, Nini, Nono, and then the fifth is...
maybe Mary?
But the question says the father has five daughters.
So if the list includes four, then the fifth must be Mary.
But the problem says the list is five daughters.
Wait, maybe the fifth daughter is Mary.",8,The fifth daughter's name is Mary.,The fifth daughter's name is Mary,-13.777848243713379,,,-11.328834533691406,-2.4490137100219727
mary_father,"Mary's father has five daughters: Nana, Nene, Nini, Nono. What is the fifth daughter's name?",Mary,,31,"<think>
Okay, let's see.
Mary's father has five daughters.
The names given are Nana, Nene, Nini, Nono.
Wait, that's four names.
So where is the fifth one?
Hmm, maybe there's a trick here.
The question says Mary's father has five daughters.
The names listed are four.
So maybe the fifth daughter is named something else.
But the problem only lists four.
Wait, maybe there's a typo or something.
Let me check again.
Wait, the problem says Mary's father has five daughters: Nana, Nene, Nini, Nono.
So that's four.
So the fifth must be...
maybe Mary herself?
But the question is about the fifth daughter.
Wait, maybe the fifth daughter is named something else.
But the problem lists four.
Wait, maybe the fifth daughter is named...
perhaps the fifth daughter is Nana?
But that would make it five.
Wait, no.
Let me think again.
Wait, maybe the names are Nana, Nene, Nini, Nono, and then the fifth is...
maybe Mary?
But the question says the father has five daughters.
So if the list includes four, then the fifth must be Mary.
But the problem says the list is five daughters.
Wait, maybe the fifth daughter is Mary.
But the problem lists four.",8,The fifth daughter's name is Mary.,The fifth daughter's name is Mary,-13.503850936889648,,,-11.111519813537598,-2.392331123352051
mary_father,"Mary's father has five daughters: Nana, Nene, Nini, Nono. What is the fifth daughter's name?",Mary,,32,"<think>
Okay, let's see.
Mary's father has five daughters.
The names given are Nana, Nene, Nini, Nono.
Wait, that's four names.
So where is the fifth one?
Hmm, maybe there's a trick here.
The question says Mary's father has five daughters.
The names listed are four.
So maybe the fifth daughter is named something else.
But the problem only lists four.
Wait, maybe there's a typo or something.
Let me check again.
Wait, the problem says Mary's father has five daughters: Nana, Nene, Nini, Nono.
So that's four.
So the fifth must be...
maybe Mary herself?
But the question is about the fifth daughter.
Wait, maybe the fifth daughter is named something else.
But the problem lists four.
Wait, maybe the fifth daughter is named...
perhaps the fifth daughter is Nana?
But that would make it five.
Wait, no.
Let me think again.
Wait, maybe the names are Nana, Nene, Nini, Nono, and then the fifth is...
maybe Mary?
But the question says the father has five daughters.
So if the list includes four, then the fifth must be Mary.
But the problem says the list is five daughters.
Wait, maybe the fifth daughter is Mary.
But the problem lists four.
Wait, maybe there's a mistake here.",8,The fifth daughter's name is Mary.,The fifth daughter's name is Mary,-13.360236167907715,,,-10.985602378845215,-2.3746337890625
mary_father,"Mary's father has five daughters: Nana, Nene, Nini, Nono. What is the fifth daughter's name?",Mary,,33,"<think>
Okay, let's see.
Mary's father has five daughters.
The names given are Nana, Nene, Nini, Nono.
Wait, that's four names.
So where is the fifth one?
Hmm, maybe there's a trick here.
The question says Mary's father has five daughters.
The names listed are four.
So maybe the fifth daughter is named something else.
But the problem only lists four.
Wait, maybe there's a typo or something.
Let me check again.
Wait, the problem says Mary's father has five daughters: Nana, Nene, Nini, Nono.
So that's four.
So the fifth must be...
maybe Mary herself?
But the question is about the fifth daughter.
Wait, maybe the fifth daughter is named something else.
But the problem lists four.
Wait, maybe the fifth daughter is named...
perhaps the fifth daughter is Nana?
But that would make it five.
Wait, no.
Let me think again.
Wait, maybe the names are Nana, Nene, Nini, Nono, and then the fifth is...
maybe Mary?
But the question says the father has five daughters.
So if the list includes four, then the fifth must be Mary.
But the problem says the list is five daughters.
Wait, maybe the fifth daughter is Mary.
But the problem lists four.
Wait, maybe there's a mistake here.
Let me check again.",9,The fifth daughter's name is Nana.,The fifth daughter's name is Nana,-14.264196395874023,,,-11.532198905944824,-2.731997489929199
mary_father,"Mary's father has five daughters: Nana, Nene, Nini, Nono. What is the fifth daughter's name?",Mary,,34,"<think>
Okay, let's see.
Mary's father has five daughters.
The names given are Nana, Nene, Nini, Nono.
Wait, that's four names.
So where is the fifth one?
Hmm, maybe there's a trick here.
The question says Mary's father has five daughters.
The names listed are four.
So maybe the fifth daughter is named something else.
But the problem only lists four.
Wait, maybe there's a typo or something.
Let me check again.
Wait, the problem says Mary's father has five daughters: Nana, Nene, Nini, Nono.
So that's four.
So the fifth must be...
maybe Mary herself?
But the question is about the fifth daughter.
Wait, maybe the fifth daughter is named something else.
But the problem lists four.
Wait, maybe the fifth daughter is named...
perhaps the fifth daughter is Nana?
But that would make it five.
Wait, no.
Let me think again.
Wait, maybe the names are Nana, Nene, Nini, Nono, and then the fifth is...
maybe Mary?
But the question says the father has five daughters.
So if the list includes four, then the fifth must be Mary.
But the problem says the list is five daughters.
Wait, maybe the fifth daughter is Mary.
But the problem lists four.
Wait, maybe there's a mistake here.
Let me check again.
Wait, the problem says: ""Mary's father has five daughters: Nana, Nene, Nini, Nono."" So that's four.",10,The fifth daughter's name is **Mary**.,Mary,-13.567408561706543,,,-13.567408561706543,0.0
mary_father,"Mary's father has five daughters: Nana, Nene, Nini, Nono. What is the fifth daughter's name?",Mary,,35,"<think>
Okay, let's see.
Mary's father has five daughters.
The names given are Nana, Nene, Nini, Nono.
Wait, that's four names.
So where is the fifth one?
Hmm, maybe there's a trick here.
The question says Mary's father has five daughters.
The names listed are four.
So maybe the fifth daughter is named something else.
But the problem only lists four.
Wait, maybe there's a typo or something.
Let me check again.
Wait, the problem says Mary's father has five daughters: Nana, Nene, Nini, Nono.
So that's four.
So the fifth must be...
maybe Mary herself?
But the question is about the fifth daughter.
Wait, maybe the fifth daughter is named something else.
But the problem lists four.
Wait, maybe the fifth daughter is named...
perhaps the fifth daughter is Nana?
But that would make it five.
Wait, no.
Let me think again.
Wait, maybe the names are Nana, Nene, Nini, Nono, and then the fifth is...
maybe Mary?
But the question says the father has five daughters.
So if the list includes four, then the fifth must be Mary.
But the problem says the list is five daughters.
Wait, maybe the fifth daughter is Mary.
But the problem lists four.
Wait, maybe there's a mistake here.
Let me check again.
Wait, the problem says: ""Mary's father has five daughters: Nana, Nene, Nini, Nono."" So that's four.
So the fifth daughter's name is...",9,The fifth daughter's name is Nana.,The fifth daughter's name is Nana,-13.263285636901855,,,-11.41693115234375,-1.8463544845581055
mary_father,"Mary's father has five daughters: Nana, Nene, Nini, Nono. What is the fifth daughter's name?",Mary,,36,"<think>
Okay, let's see.
Mary's father has five daughters.
The names given are Nana, Nene, Nini, Nono.
Wait, that's four names.
So where is the fifth one?
Hmm, maybe there's a trick here.
The question says Mary's father has five daughters.
The names listed are four.
So maybe the fifth daughter is named something else.
But the problem only lists four.
Wait, maybe there's a typo or something.
Let me check again.
Wait, the problem says Mary's father has five daughters: Nana, Nene, Nini, Nono.
So that's four.
So the fifth must be...
maybe Mary herself?
But the question is about the fifth daughter.
Wait, maybe the fifth daughter is named something else.
But the problem lists four.
Wait, maybe the fifth daughter is named...
perhaps the fifth daughter is Nana?
But that would make it five.
Wait, no.
Let me think again.
Wait, maybe the names are Nana, Nene, Nini, Nono, and then the fifth is...
maybe Mary?
But the question says the father has five daughters.
So if the list includes four, then the fifth must be Mary.
But the problem says the list is five daughters.
Wait, maybe the fifth daughter is Mary.
But the problem lists four.
Wait, maybe there's a mistake here.
Let me check again.
Wait, the problem says: ""Mary's father has five daughters: Nana, Nene, Nini, Nono."" So that's four.
So the fifth daughter's name is...
maybe Mary?",8,The fifth daughter's name is Mary.,The fifth daughter's name is Mary,-12.107256889343262,,,-11.055130004882812,-1.0521268844604492
mary_father,"Mary's father has five daughters: Nana, Nene, Nini, Nono. What is the fifth daughter's name?",Mary,,37,"<think>
Okay, let's see.
Mary's father has five daughters.
The names given are Nana, Nene, Nini, Nono.
Wait, that's four names.
So where is the fifth one?
Hmm, maybe there's a trick here.
The question says Mary's father has five daughters.
The names listed are four.
So maybe the fifth daughter is named something else.
But the problem only lists four.
Wait, maybe there's a typo or something.
Let me check again.
Wait, the problem says Mary's father has five daughters: Nana, Nene, Nini, Nono.
So that's four.
So the fifth must be...
maybe Mary herself?
But the question is about the fifth daughter.
Wait, maybe the fifth daughter is named something else.
But the problem lists four.
Wait, maybe the fifth daughter is named...
perhaps the fifth daughter is Nana?
But that would make it five.
Wait, no.
Let me think again.
Wait, maybe the names are Nana, Nene, Nini, Nono, and then the fifth is...
maybe Mary?
But the question says the father has five daughters.
So if the list includes four, then the fifth must be Mary.
But the problem says the list is five daughters.
Wait, maybe the fifth daughter is Mary.
But the problem lists four.
Wait, maybe there's a mistake here.
Let me check again.
Wait, the problem says: ""Mary's father has five daughters: Nana, Nene, Nini, Nono."" So that's four.
So the fifth daughter's name is...
maybe Mary?
But that would make Mary the fifth daughter.",8,The fifth daughter's name is Mary.,The fifth daughter's name is Mary,-12.023481369018555,,,-11.205846786499023,-0.8176345825195312
mary_father,"Mary's father has five daughters: Nana, Nene, Nini, Nono. What is the fifth daughter's name?",Mary,,38,"<think>
Okay, let's see.
Mary's father has five daughters.
The names given are Nana, Nene, Nini, Nono.
Wait, that's four names.
So where is the fifth one?
Hmm, maybe there's a trick here.
The question says Mary's father has five daughters.
The names listed are four.
So maybe the fifth daughter is named something else.
But the problem only lists four.
Wait, maybe there's a typo or something.
Let me check again.
Wait, the problem says Mary's father has five daughters: Nana, Nene, Nini, Nono.
So that's four.
So the fifth must be...
maybe Mary herself?
But the question is about the fifth daughter.
Wait, maybe the fifth daughter is named something else.
But the problem lists four.
Wait, maybe the fifth daughter is named...
perhaps the fifth daughter is Nana?
But that would make it five.
Wait, no.
Let me think again.
Wait, maybe the names are Nana, Nene, Nini, Nono, and then the fifth is...
maybe Mary?
But the question says the father has five daughters.
So if the list includes four, then the fifth must be Mary.
But the problem says the list is five daughters.
Wait, maybe the fifth daughter is Mary.
But the problem lists four.
Wait, maybe there's a mistake here.
Let me check again.
Wait, the problem says: ""Mary's father has five daughters: Nana, Nene, Nini, Nono."" So that's four.
So the fifth daughter's name is...
maybe Mary?
But that would make Mary the fifth daughter.
But the problem lists four.",8,The fifth daughter's name is Mary.,The fifth daughter's name is Mary,-12.310151100158691,,,-11.27566909790039,-1.0344820022583008
mary_father,"Mary's father has five daughters: Nana, Nene, Nini, Nono. What is the fifth daughter's name?",Mary,,39,"<think>
Okay, let's see.
Mary's father has five daughters.
The names given are Nana, Nene, Nini, Nono.
Wait, that's four names.
So where is the fifth one?
Hmm, maybe there's a trick here.
The question says Mary's father has five daughters.
The names listed are four.
So maybe the fifth daughter is named something else.
But the problem only lists four.
Wait, maybe there's a typo or something.
Let me check again.
Wait, the problem says Mary's father has five daughters: Nana, Nene, Nini, Nono.
So that's four.
So the fifth must be...
maybe Mary herself?
But the question is about the fifth daughter.
Wait, maybe the fifth daughter is named something else.
But the problem lists four.
Wait, maybe the fifth daughter is named...
perhaps the fifth daughter is Nana?
But that would make it five.
Wait, no.
Let me think again.
Wait, maybe the names are Nana, Nene, Nini, Nono, and then the fifth is...
maybe Mary?
But the question says the father has five daughters.
So if the list includes four, then the fifth must be Mary.
But the problem says the list is five daughters.
Wait, maybe the fifth daughter is Mary.
But the problem lists four.
Wait, maybe there's a mistake here.
Let me check again.
Wait, the problem says: ""Mary's father has five daughters: Nana, Nene, Nini, Nono."" So that's four.
So the fifth daughter's name is...
maybe Mary?
But that would make Mary the fifth daughter.
But the problem lists four.
Wait, maybe the fifth daughter is Nana?",9,The fifth daughter's name is Nana.,The fifth daughter's name is Nana,-11.843223571777344,,,-11.228699684143066,-0.6145238876342773
mary_father,"Mary's father has five daughters: Nana, Nene, Nini, Nono. What is the fifth daughter's name?",Mary,,40,"<think>
Okay, let's see.
Mary's father has five daughters.
The names given are Nana, Nene, Nini, Nono.
Wait, that's four names.
So where is the fifth one?
Hmm, maybe there's a trick here.
The question says Mary's father has five daughters.
The names listed are four.
So maybe the fifth daughter is named something else.
But the problem only lists four.
Wait, maybe there's a typo or something.
Let me check again.
Wait, the problem says Mary's father has five daughters: Nana, Nene, Nini, Nono.
So that's four.
So the fifth must be...
maybe Mary herself?
But the question is about the fifth daughter.
Wait, maybe the fifth daughter is named something else.
But the problem lists four.
Wait, maybe the fifth daughter is named...
perhaps the fifth daughter is Nana?
But that would make it five.
Wait, no.
Let me think again.
Wait, maybe the names are Nana, Nene, Nini, Nono, and then the fifth is...
maybe Mary?
But the question says the father has five daughters.
So if the list includes four, then the fifth must be Mary.
But the problem says the list is five daughters.
Wait, maybe the fifth daughter is Mary.
But the problem lists four.
Wait, maybe there's a mistake here.
Let me check again.
Wait, the problem says: ""Mary's father has five daughters: Nana, Nene, Nini, Nono."" So that's four.
So the fifth daughter's name is...
maybe Mary?
But that would make Mary the fifth daughter.
But the problem lists four.
Wait, maybe the fifth daughter is Nana?
But that would make five.",9,The fifth daughter's name is Nana.,The fifth daughter's name is Nana,-12.816045761108398,,,-11.578415870666504,-1.2376298904418945
mary_father,"Mary's father has five daughters: Nana, Nene, Nini, Nono. What is the fifth daughter's name?",Mary,,41,"<think>
Okay, let's see.
Mary's father has five daughters.
The names given are Nana, Nene, Nini, Nono.
Wait, that's four names.
So where is the fifth one?
Hmm, maybe there's a trick here.
The question says Mary's father has five daughters.
The names listed are four.
So maybe the fifth daughter is named something else.
But the problem only lists four.
Wait, maybe there's a typo or something.
Let me check again.
Wait, the problem says Mary's father has five daughters: Nana, Nene, Nini, Nono.
So that's four.
So the fifth must be...
maybe Mary herself?
But the question is about the fifth daughter.
Wait, maybe the fifth daughter is named something else.
But the problem lists four.
Wait, maybe the fifth daughter is named...
perhaps the fifth daughter is Nana?
But that would make it five.
Wait, no.
Let me think again.
Wait, maybe the names are Nana, Nene, Nini, Nono, and then the fifth is...
maybe Mary?
But the question says the father has five daughters.
So if the list includes four, then the fifth must be Mary.
But the problem says the list is five daughters.
Wait, maybe the fifth daughter is Mary.
But the problem lists four.
Wait, maybe there's a mistake here.
Let me check again.
Wait, the problem says: ""Mary's father has five daughters: Nana, Nene, Nini, Nono."" So that's four.
So the fifth daughter's name is...
maybe Mary?
But that would make Mary the fifth daughter.
But the problem lists four.
Wait, maybe the fifth daughter is Nana?
But that would make five.
Wait, maybe the fifth daughter is Nono?",9,The fifth daughter's name is Nana.,The fifth daughter's name is Nana,-12.565023422241211,,,-11.561220169067383,-1.0038032531738281
mary_father,"Mary's father has five daughters: Nana, Nene, Nini, Nono. What is the fifth daughter's name?",Mary,,42,"<think>
Okay, let's see.
Mary's father has five daughters.
The names given are Nana, Nene, Nini, Nono.
Wait, that's four names.
So where is the fifth one?
Hmm, maybe there's a trick here.
The question says Mary's father has five daughters.
The names listed are four.
So maybe the fifth daughter is named something else.
But the problem only lists four.
Wait, maybe there's a typo or something.
Let me check again.
Wait, the problem says Mary's father has five daughters: Nana, Nene, Nini, Nono.
So that's four.
So the fifth must be...
maybe Mary herself?
But the question is about the fifth daughter.
Wait, maybe the fifth daughter is named something else.
But the problem lists four.
Wait, maybe the fifth daughter is named...
perhaps the fifth daughter is Nana?
But that would make it five.
Wait, no.
Let me think again.
Wait, maybe the names are Nana, Nene, Nini, Nono, and then the fifth is...
maybe Mary?
But the question says the father has five daughters.
So if the list includes four, then the fifth must be Mary.
But the problem says the list is five daughters.
Wait, maybe the fifth daughter is Mary.
But the problem lists four.
Wait, maybe there's a mistake here.
Let me check again.
Wait, the problem says: ""Mary's father has five daughters: Nana, Nene, Nini, Nono."" So that's four.
So the fifth daughter's name is...
maybe Mary?
But that would make Mary the fifth daughter.
But the problem lists four.
Wait, maybe the fifth daughter is Nana?
But that would make five.
Wait, maybe the fifth daughter is Nono?
No, that's already listed.",9,The fifth daughter's name is Nana.,The fifth daughter's name is Nana,-12.581171035766602,,,-11.371243476867676,-1.2099275588989258
mary_father,"Mary's father has five daughters: Nana, Nene, Nini, Nono. What is the fifth daughter's name?",Mary,,43,"<think>
Okay, let's see.
Mary's father has five daughters.
The names given are Nana, Nene, Nini, Nono.
Wait, that's four names.
So where is the fifth one?
Hmm, maybe there's a trick here.
The question says Mary's father has five daughters.
The names listed are four.
So maybe the fifth daughter is named something else.
But the problem only lists four.
Wait, maybe there's a typo or something.
Let me check again.
Wait, the problem says Mary's father has five daughters: Nana, Nene, Nini, Nono.
So that's four.
So the fifth must be...
maybe Mary herself?
But the question is about the fifth daughter.
Wait, maybe the fifth daughter is named something else.
But the problem lists four.
Wait, maybe the fifth daughter is named...
perhaps the fifth daughter is Nana?
But that would make it five.
Wait, no.
Let me think again.
Wait, maybe the names are Nana, Nene, Nini, Nono, and then the fifth is...
maybe Mary?
But the question says the father has five daughters.
So if the list includes four, then the fifth must be Mary.
But the problem says the list is five daughters.
Wait, maybe the fifth daughter is Mary.
But the problem lists four.
Wait, maybe there's a mistake here.
Let me check again.
Wait, the problem says: ""Mary's father has five daughters: Nana, Nene, Nini, Nono."" So that's four.
So the fifth daughter's name is...
maybe Mary?
But that would make Mary the fifth daughter.
But the problem lists four.
Wait, maybe the fifth daughter is Nana?
But that would make five.
Wait, maybe the fifth daughter is Nono?
No, that's already listed.
Wait, maybe the fifth daughter is...",9,The fifth daughter's name is Nana.,The fifth daughter's name is Nana,-12.846906661987305,,,-11.930042266845703,-0.9168643951416016
mary_father,"Mary's father has five daughters: Nana, Nene, Nini, Nono. What is the fifth daughter's name?",Mary,,44,"<think>
Okay, let's see.
Mary's father has five daughters.
The names given are Nana, Nene, Nini, Nono.
Wait, that's four names.
So where is the fifth one?
Hmm, maybe there's a trick here.
The question says Mary's father has five daughters.
The names listed are four.
So maybe the fifth daughter is named something else.
But the problem only lists four.
Wait, maybe there's a typo or something.
Let me check again.
Wait, the problem says Mary's father has five daughters: Nana, Nene, Nini, Nono.
So that's four.
So the fifth must be...
maybe Mary herself?
But the question is about the fifth daughter.
Wait, maybe the fifth daughter is named something else.
But the problem lists four.
Wait, maybe the fifth daughter is named...
perhaps the fifth daughter is Nana?
But that would make it five.
Wait, no.
Let me think again.
Wait, maybe the names are Nana, Nene, Nini, Nono, and then the fifth is...
maybe Mary?
But the question says the father has five daughters.
So if the list includes four, then the fifth must be Mary.
But the problem says the list is five daughters.
Wait, maybe the fifth daughter is Mary.
But the problem lists four.
Wait, maybe there's a mistake here.
Let me check again.
Wait, the problem says: ""Mary's father has five daughters: Nana, Nene, Nini, Nono."" So that's four.
So the fifth daughter's name is...
maybe Mary?
But that would make Mary the fifth daughter.
But the problem lists four.
Wait, maybe the fifth daughter is Nana?
But that would make five.
Wait, maybe the fifth daughter is Nono?
No, that's already listed.
Wait, maybe the fifth daughter is...
perhaps the fifth daughter is Nana again?",9,The fifth daughter's name is Nana.,The fifth daughter's name is Nana,-12.653465270996094,,,-11.603705406188965,-1.049759864807129
mary_father,"Mary's father has five daughters: Nana, Nene, Nini, Nono. What is the fifth daughter's name?",Mary,,45,"<think>
Okay, let's see.
Mary's father has five daughters.
The names given are Nana, Nene, Nini, Nono.
Wait, that's four names.
So where is the fifth one?
Hmm, maybe there's a trick here.
The question says Mary's father has five daughters.
The names listed are four.
So maybe the fifth daughter is named something else.
But the problem only lists four.
Wait, maybe there's a typo or something.
Let me check again.
Wait, the problem says Mary's father has five daughters: Nana, Nene, Nini, Nono.
So that's four.
So the fifth must be...
maybe Mary herself?
But the question is about the fifth daughter.
Wait, maybe the fifth daughter is named something else.
But the problem lists four.
Wait, maybe the fifth daughter is named...
perhaps the fifth daughter is Nana?
But that would make it five.
Wait, no.
Let me think again.
Wait, maybe the names are Nana, Nene, Nini, Nono, and then the fifth is...
maybe Mary?
But the question says the father has five daughters.
So if the list includes four, then the fifth must be Mary.
But the problem says the list is five daughters.
Wait, maybe the fifth daughter is Mary.
But the problem lists four.
Wait, maybe there's a mistake here.
Let me check again.
Wait, the problem says: ""Mary's father has five daughters: Nana, Nene, Nini, Nono."" So that's four.
So the fifth daughter's name is...
maybe Mary?
But that would make Mary the fifth daughter.
But the problem lists four.
Wait, maybe the fifth daughter is Nana?
But that would make five.
Wait, maybe the fifth daughter is Nono?
No, that's already listed.
Wait, maybe the fifth daughter is...
perhaps the fifth daughter is Nana again?
No, that's already there.",9,The fifth daughter's name is Nana.,The fifth daughter's name is Nana,-12.333349227905273,,,-11.517577171325684,-0.8157720565795898
mary_father,"Mary's father has five daughters: Nana, Nene, Nini, Nono. What is the fifth daughter's name?",Mary,,46,"<think>
Okay, let's see.
Mary's father has five daughters.
The names given are Nana, Nene, Nini, Nono.
Wait, that's four names.
So where is the fifth one?
Hmm, maybe there's a trick here.
The question says Mary's father has five daughters.
The names listed are four.
So maybe the fifth daughter is named something else.
But the problem only lists four.
Wait, maybe there's a typo or something.
Let me check again.
Wait, the problem says Mary's father has five daughters: Nana, Nene, Nini, Nono.
So that's four.
So the fifth must be...
maybe Mary herself?
But the question is about the fifth daughter.
Wait, maybe the fifth daughter is named something else.
But the problem lists four.
Wait, maybe the fifth daughter is named...
perhaps the fifth daughter is Nana?
But that would make it five.
Wait, no.
Let me think again.
Wait, maybe the names are Nana, Nene, Nini, Nono, and then the fifth is...
maybe Mary?
But the question says the father has five daughters.
So if the list includes four, then the fifth must be Mary.
But the problem says the list is five daughters.
Wait, maybe the fifth daughter is Mary.
But the problem lists four.
Wait, maybe there's a mistake here.
Let me check again.
Wait, the problem says: ""Mary's father has five daughters: Nana, Nene, Nini, Nono."" So that's four.
So the fifth daughter's name is...
maybe Mary?
But that would make Mary the fifth daughter.
But the problem lists four.
Wait, maybe the fifth daughter is Nana?
But that would make five.
Wait, maybe the fifth daughter is Nono?
No, that's already listed.
Wait, maybe the fifth daughter is...
perhaps the fifth daughter is Nana again?
No, that's already there.
Wait, maybe the fifth daughter is Nini?",9,The fifth daughter's name is Nana.,The fifth daughter's name is Nana,-12.786079406738281,,,-11.816723823547363,-0.969355583190918
mary_father,"Mary's father has five daughters: Nana, Nene, Nini, Nono. What is the fifth daughter's name?",Mary,,47,"<think>
Okay, let's see.
Mary's father has five daughters.
The names given are Nana, Nene, Nini, Nono.
Wait, that's four names.
So where is the fifth one?
Hmm, maybe there's a trick here.
The question says Mary's father has five daughters.
The names listed are four.
So maybe the fifth daughter is named something else.
But the problem only lists four.
Wait, maybe there's a typo or something.
Let me check again.
Wait, the problem says Mary's father has five daughters: Nana, Nene, Nini, Nono.
So that's four.
So the fifth must be...
maybe Mary herself?
But the question is about the fifth daughter.
Wait, maybe the fifth daughter is named something else.
But the problem lists four.
Wait, maybe the fifth daughter is named...
perhaps the fifth daughter is Nana?
But that would make it five.
Wait, no.
Let me think again.
Wait, maybe the names are Nana, Nene, Nini, Nono, and then the fifth is...
maybe Mary?
But the question says the father has five daughters.
So if the list includes four, then the fifth must be Mary.
But the problem says the list is five daughters.
Wait, maybe the fifth daughter is Mary.
But the problem lists four.
Wait, maybe there's a mistake here.
Let me check again.
Wait, the problem says: ""Mary's father has five daughters: Nana, Nene, Nini, Nono."" So that's four.
So the fifth daughter's name is...
maybe Mary?
But that would make Mary the fifth daughter.
But the problem lists four.
Wait, maybe the fifth daughter is Nana?
But that would make five.
Wait, maybe the fifth daughter is Nono?
No, that's already listed.
Wait, maybe the fifth daughter is...
perhaps the fifth daughter is Nana again?
No, that's already there.
Wait, maybe the fifth daughter is Nini?
No, that's already there.",9,The fifth daughter's name is Nana.,The fifth daughter's name is Nana,-13.6322660446167,,,-11.986255645751953,-1.646010398864746
mary_father,"Mary's father has five daughters: Nana, Nene, Nini, Nono. What is the fifth daughter's name?",Mary,,48,"<think>
Okay, let's see.
Mary's father has five daughters.
The names given are Nana, Nene, Nini, Nono.
Wait, that's four names.
So where is the fifth one?
Hmm, maybe there's a trick here.
The question says Mary's father has five daughters.
The names listed are four.
So maybe the fifth daughter is named something else.
But the problem only lists four.
Wait, maybe there's a typo or something.
Let me check again.
Wait, the problem says Mary's father has five daughters: Nana, Nene, Nini, Nono.
So that's four.
So the fifth must be...
maybe Mary herself?
But the question is about the fifth daughter.
Wait, maybe the fifth daughter is named something else.
But the problem lists four.
Wait, maybe the fifth daughter is named...
perhaps the fifth daughter is Nana?
But that would make it five.
Wait, no.
Let me think again.
Wait, maybe the names are Nana, Nene, Nini, Nono, and then the fifth is...
maybe Mary?
But the question says the father has five daughters.
So if the list includes four, then the fifth must be Mary.
But the problem says the list is five daughters.
Wait, maybe the fifth daughter is Mary.
But the problem lists four.
Wait, maybe there's a mistake here.
Let me check again.
Wait, the problem says: ""Mary's father has five daughters: Nana, Nene, Nini, Nono."" So that's four.
So the fifth daughter's name is...
maybe Mary?
But that would make Mary the fifth daughter.
But the problem lists four.
Wait, maybe the fifth daughter is Nana?
But that would make five.
Wait, maybe the fifth daughter is Nono?
No, that's already listed.
Wait, maybe the fifth daughter is...
perhaps the fifth daughter is Nana again?
No, that's already there.
Wait, maybe the fifth daughter is Nini?
No, that's already there.
Wait, maybe the fifth daughter is Neno?",9,The fifth daughter's name is Nana.,The fifth daughter's name is Nana,-13.905478477478027,,,-11.941020011901855,-1.9644584655761719
mary_father,"Mary's father has five daughters: Nana, Nene, Nini, Nono. What is the fifth daughter's name?",Mary,,49,"<think>
Okay, let's see.
Mary's father has five daughters.
The names given are Nana, Nene, Nini, Nono.
Wait, that's four names.
So where is the fifth one?
Hmm, maybe there's a trick here.
The question says Mary's father has five daughters.
The names listed are four.
So maybe the fifth daughter is named something else.
But the problem only lists four.
Wait, maybe there's a typo or something.
Let me check again.
Wait, the problem says Mary's father has five daughters: Nana, Nene, Nini, Nono.
So that's four.
So the fifth must be...
maybe Mary herself?
But the question is about the fifth daughter.
Wait, maybe the fifth daughter is named something else.
But the problem lists four.
Wait, maybe the fifth daughter is named...
perhaps the fifth daughter is Nana?
But that would make it five.
Wait, no.
Let me think again.
Wait, maybe the names are Nana, Nene, Nini, Nono, and then the fifth is...
maybe Mary?
But the question says the father has five daughters.
So if the list includes four, then the fifth must be Mary.
But the problem says the list is five daughters.
Wait, maybe the fifth daughter is Mary.
But the problem lists four.
Wait, maybe there's a mistake here.
Let me check again.
Wait, the problem says: ""Mary's father has five daughters: Nana, Nene, Nini, Nono."" So that's four.
So the fifth daughter's name is...
maybe Mary?
But that would make Mary the fifth daughter.
But the problem lists four.
Wait, maybe the fifth daughter is Nana?
But that would make five.
Wait, maybe the fifth daughter is Nono?
No, that's already listed.
Wait, maybe the fifth daughter is...
perhaps the fifth daughter is Nana again?
No, that's already there.
Wait, maybe the fifth daughter is Nini?
No, that's already there.
Wait, maybe the fifth daughter is Neno?
But that's not in the list.",9,The fifth daughter's name is Nana.,The fifth daughter's name is Nana,-13.047113418579102,,,-11.428718566894531,-1.6183948516845703
mary_father,"Mary's father has five daughters: Nana, Nene, Nini, Nono. What is the fifth daughter's name?",Mary,,50,"<think>
Okay, let's see.
Mary's father has five daughters.
The names given are Nana, Nene, Nini, Nono.
Wait, that's four names.
So where is the fifth one?
Hmm, maybe there's a trick here.
The question says Mary's father has five daughters.
The names listed are four.
So maybe the fifth daughter is named something else.
But the problem only lists four.
Wait, maybe there's a typo or something.
Let me check again.
Wait, the problem says Mary's father has five daughters: Nana, Nene, Nini, Nono.
So that's four.
So the fifth must be...
maybe Mary herself?
But the question is about the fifth daughter.
Wait, maybe the fifth daughter is named something else.
But the problem lists four.
Wait, maybe the fifth daughter is named...
perhaps the fifth daughter is Nana?
But that would make it five.
Wait, no.
Let me think again.
Wait, maybe the names are Nana, Nene, Nini, Nono, and then the fifth is...
maybe Mary?
But the question says the father has five daughters.
So if the list includes four, then the fifth must be Mary.
But the problem says the list is five daughters.
Wait, maybe the fifth daughter is Mary.
But the problem lists four.
Wait, maybe there's a mistake here.
Let me check again.
Wait, the problem says: ""Mary's father has five daughters: Nana, Nene, Nini, Nono."" So that's four.
So the fifth daughter's name is...
maybe Mary?
But that would make Mary the fifth daughter.
But the problem lists four.
Wait, maybe the fifth daughter is Nana?
But that would make five.
Wait, maybe the fifth daughter is Nono?
No, that's already listed.
Wait, maybe the fifth daughter is...
perhaps the fifth daughter is Nana again?
No, that's already there.
Wait, maybe the fifth daughter is Nini?
No, that's already there.
Wait, maybe the fifth daughter is Neno?
But that's not in the list.
Wait, maybe the fifth daughter is...",9,The fifth daughter's name is Nana.,The fifth daughter's name is Nana,-12.162739753723145,,,-11.740245819091797,-0.42249393463134766
mary_father,"Mary's father has five daughters: Nana, Nene, Nini, Nono. What is the fifth daughter's name?",Mary,,51,"<think>
Okay, let's see.
Mary's father has five daughters.
The names given are Nana, Nene, Nini, Nono.
Wait, that's four names.
So where is the fifth one?
Hmm, maybe there's a trick here.
The question says Mary's father has five daughters.
The names listed are four.
So maybe the fifth daughter is named something else.
But the problem only lists four.
Wait, maybe there's a typo or something.
Let me check again.
Wait, the problem says Mary's father has five daughters: Nana, Nene, Nini, Nono.
So that's four.
So the fifth must be...
maybe Mary herself?
But the question is about the fifth daughter.
Wait, maybe the fifth daughter is named something else.
But the problem lists four.
Wait, maybe the fifth daughter is named...
perhaps the fifth daughter is Nana?
But that would make it five.
Wait, no.
Let me think again.
Wait, maybe the names are Nana, Nene, Nini, Nono, and then the fifth is...
maybe Mary?
But the question says the father has five daughters.
So if the list includes four, then the fifth must be Mary.
But the problem says the list is five daughters.
Wait, maybe the fifth daughter is Mary.
But the problem lists four.
Wait, maybe there's a mistake here.
Let me check again.
Wait, the problem says: ""Mary's father has five daughters: Nana, Nene, Nini, Nono."" So that's four.
So the fifth daughter's name is...
maybe Mary?
But that would make Mary the fifth daughter.
But the problem lists four.
Wait, maybe the fifth daughter is Nana?
But that would make five.
Wait, maybe the fifth daughter is Nono?
No, that's already listed.
Wait, maybe the fifth daughter is...
perhaps the fifth daughter is Nana again?
No, that's already there.
Wait, maybe the fifth daughter is Nini?
No, that's already there.
Wait, maybe the fifth daughter is Neno?
But that's not in the list.
Wait, maybe the fifth daughter is...
perhaps the fifth",9,The fifth daughter's name is Nana.,The fifth daughter's name is Nana,-11.908797264099121,,,-11.756945610046387,-0.15185165405273438
